Rk,G,Date,Age,Tm,,Opp,,GS,MP,FG,FGA,FG%,3P,3PA,3P%,FT,FTA,FT%,ORB,DRB,TRB,AST,STL,BLK,TOV,PF,PTS,GmSc
1,1,1996-11-01,21-104,MIL,@,PHI,W (+8),1,28:00,3,10,.300,2,3,.667,5,7,.714,0,2,2,0,3,0,1,4,13,7.4
2,2,1996-11-02,21-105,MIL,,BOS,W (+22),1,21:00,7,10,.700,2,4,.500,2,3,.667,1,2,3,2,3,0,1,1,18,17.7
3,3,1996-11-06,21-109,MIL,,VAN,W (+16),1,26:00,7,12,.583,1,5,.200,5,6,.833,0,2,2,1,1,0,3,3,20,12.1
4,4,1996-11-08,21-111,MIL,@,MIA,L (-12),1,29:00,3,8,.375,0,1,.000,3,3,1.000,1,1,2,2,0,0,4,2,9,2.2
5,5,1996-11-09,21-112,MIL,@,CHH,W (+2),1,29:00,4,10,.400,1,3,.333,0,0,,0,0,0,0,1,0,0,3,9,3.4
6,6,1996-11-12,21-115,MIL,,PHO,W (+10),1,42:00,9,19,.474,1,5,.200,4,6,.667,1,7,8,3,2,0,1,1,23,18.0
7,7,1996-11-14,21-117,MIL,@,GSW,L (-9),1,27:00,1,11,.091,0,3,.000,2,2,1.000,3,1,4,2,0,0,2,4,4,-3.1
8,8,1996-11-15,21-118,MIL,@,SAC,L (-4),1,26:00,3,5,.600,0,0,,3,4,.750,0,3,3,2,0,0,0,0,9,8.6
9,9,1996-11-17,21-120,MIL,@,LAC,L (-8),1,33:00,9,19,.474,3,6,.500,2,3,.667,4,3,7,2,1,1,4,2,23,14.9
10,10,1996-11-19,21-122,MIL,,DAL,W (+3),1,16:00,2,8,.250,1,4,.250,3,4,.750,1,0,1,3,0,0,2,3,8,2.4
11,11,1996-11-21,21-124,MIL,,ATL,L (-8),1,38:00,6,13,.462,1,5,.200,0,0,,2,5,7,3,0,0,2,2,13,8.5
12,12,1996-11-23,21-126,MIL,,WSB,L (-5),0,16:00,2,7,.286,0,0,,0,0,,1,3,4,1,0,0,1,0,4,1.2
13,13,1996-11-25,21-128,MIL,@,ORL,W (+12),1,24:00,5,11,.455,1,1,1.000,1,2,.500,3,3,6,3,0,0,1,2,12,9.2
14,14,1996-11-27,21-130,MIL,,CLE,W (+17),1,19:00,4,7,.571,1,3,.333,2,3,.667,1,1,2,0,1,0,0,4,11,7.7
15,15,1996-11-30,21-133,MIL,,CHH,L (-7),1,28:00,5,7,.714,2,2,1.000,3,3,1.000,0,2,2,3,0,0,2,1,15,12.4
16,16,1996-12-03,21-136,MIL,,CHI,L (-3),1,29:00,3,9,.333,0,2,.000,2,2,1.000,3,2,5,3,1,0,1,5,8,5.7
17,17,1996-12-07,21-140,MIL,@,WSB,W (+8),1,29:00,4,11,.364,0,3,.000,4,4,1.000,3,3,6,3,0,0,1,3,12,8.8
18,18,1996-12-08,21-141,MIL,,BOS,W (+13),1,38:00,6,13,.462,1,3,.333,4,6,.667,2,5,7,5,4,0,5,5,17,12.9
19,19,1996-12-10,21-143,MIL,,DET,L (-8),1,35:00,6,11,.545,2,4,.500,2,2,1.000,1,5,6,2,1,0,2,5,16,11.3
20,20,1996-12-12,21-145,MIL,,SEA,W (+3),1,24:00,4,9,.444,0,3,.000,9,12,.750,0,1,1,2,2,0,0,3,17,13.6
21,21,1996-12-14,21-147,MIL,,NJN,W (+10),1,22:00,4,8,.500,1,2,.500,2,2,1.000,0,2,2,4,0,0,1,1,11,9.0
22,22,1996-12-16,21-149,MIL,@,BOS,W (+16),1,31:00,6,12,.500,4,5,.800,0,0,,1,4,5,1,0,0,5,2,16,6.8
23,23,1996-12-18,21-151,MIL,,LAL,L (-6),1,32:00,3,13,.231,1,3,.333,0,0,,1,3,4,3,3,0,5,2,7,0.0
24,24,1996-12-19,21-152,MIL,@,TOR,L (-3),1,26:00,4,9,.444,3,3,1.000,1,2,.500,2,2,4,3,1,0,4,4,12,6.4
25,25,1996-12-21,21-154,MIL,,ORL,W (+18),1,35:00,5,9,.556,2,5,.400,4,4,1.000,2,3,5,3,1,0,3,2,16,13.3
26,26,1996-12-23,21-156,MIL,@,HOU,W (+5),1,35:00,5,10,.500,2,3,.667,4,6,.667,3,5,8,3,2,0,3,0,16,14.9
27,27,1996-12-26,21-159,MIL,,HOU,L (-11),1,34:00,5,10,.500,3,5,.600,2,2,1.000,0,1,1,1,1,1,0,2,15,11.9
28,28,1996-12-27,21-160,MIL,@,CLE,L (-8),1,35:00,3,7,.429,1,3,.333,0,0,,0,4,4,2,0,0,1,1,7,4.5
29,29,1996-12-29,21-162,MIL,,MIA,L (-1),1,28:00,4,8,.500,2,3,.667,0,0,,2,3,5,3,2,0,1,4,10,9.8
30,30,1997-01-04,21-168,MIL,,MIN,L (-6),1,35:00,5,17,.294,0,4,.000,7,8,.875,3,6,9,3,1,0,2,2,17,10.9
31,31,1997-01-05,21-169,MIL,@,NYK,L (-5),1,33:00,3,7,.429,1,2,.500,0,0,,1,1,2,1,0,0,1,2,7,3.2
32,32,1997-01-07,21-171,MIL,@,DET,W (+10),1,42:00,7,14,.500,3,5,.600,2,2,1.000,0,4,4,4,0,0,1,2,19,14.2
33,33,1997-01-08,21-172,MIL,,UTA,W (+7),1,30:00,3,6,.500,1,2,.500,1,4,.250,0,4,4,2,1,0,0,1,8,7.0
34,34,1997-01-10,21-174,MIL,,CHI,L (-15),1,39:00,8,15,.533,3,5,.600,3,3,1.000,1,7,8,5,0,0,2,3,22,17.8
35,35,1997-01-12,21-176,MIL,,GSW,W (+18),1,37:00,9,20,.450,2,6,.333,2,2,1.000,3,6,9,6,3,1,2,4,22,19.8
36,36,1997-01-17,21-181,MIL,@,CHI,L (-27),1,32:00,3,12,.250,1,2,.500,2,3,.667,2,0,2,1,1,0,1,2,9,2.7
37,37,1997-01-18,21-182,MIL,@,ATL,L (-23),1,31:00,1,9,.111,0,4,.000,1,2,.500,1,3,4,3,1,0,5,1,3,-4.0
38,38,1997-01-20,21-184,MIL,@,PHI,W (+10),1,28:00,3,8,.375,1,4,.250,2,4,.500,1,5,6,6,2,0,1,2,9,10.4
39,39,1997-01-21,21-185,MIL,,IND,L (-3),1,26:00,3,11,.273,1,5,.200,1,2,.500,1,0,1,0,0,0,0,4,8,0.2
40,40,1997-01-23,21-187,MIL,@,ORL,L (-4),1,34:00,4,10,.400,1,3,.333,4,4,1.000,1,2,3,3,0,0,0,1,13,10.6
41,41,1997-01-25,21-189,MIL,@,IND,W (+2),1,30:00,4,10,.400,2,4,.500,0,0,,2,2,4,5,1,0,2,4,10,7.5
42,42,1997-01-26,21-190,MIL,,SAS,W (+18),1,39:00,6,9,.667,3,5,.600,0,0,,0,0,0,3,3,0,1,4,15,13.6
43,43,1997-01-28,21-192,MIL,,DET,L (-9),1,27:00,2,6,.333,0,1,.000,1,1,1.000,1,3,4,3,1,0,2,1,5,3.9
44,44,1997-01-31,21-195,MIL,@,CHH,L (-7),1,33:00,8,15,.533,2,4,.500,4,5,.800,0,2,2,1,2,1,0,4,22,16.7
45,45,1997-02-01,21-196,MIL,,PHI,L (-9),1,45:00,5,16,.313,1,5,.200,0,0,,1,1,2,9,0,0,5,4,11,2.5
46,46,1997-02-04,21-199,MIL,,CLE,L (-1),1,21:00,3,10,.300,2,2,1.000,7,8,.875,2,0,2,1,0,0,1,5,15,7.9
47,47,1997-02-06,21-201,MIL,@,MIA,L (-12),1,34:00,2,10,.200,1,3,.333,4,4,1.000,3,0,3,2,0,0,2,4,9,2.7
48,48,1997-02-11,21-206,MIL,,TOR,W (+5),1,27:00,6,10,.600,1,2,.500,6,6,1.000,0,1,1,2,2,1,4,4,19,13.2
49,49,1997-02-14,21-209,MIL,@,TOR,W (+4),1,30:00,4,14,.286,1,5,.200,4,6,.667,3,5,8,4,2,0,1,4,13,9.8
50,50,1997-02-15,21-210,MIL,,DEN,W (+5),1,29:00,6,9,.667,1,3,.333,2,2,1.000,0,3,3,4,1,0,1,4,15,13.2
51,51,1997-02-17,21-212,MIL,@,WSB,L (-2),1,39:00,6,15,.400,3,5,.600,0,0,,1,5,6,4,1,0,2,3,15,9.7
52,52,1997-02-20,21-215,MIL,@,DAL,W (+2),1,38:00,3,6,.500,3,3,1.000,8,9,.889,0,3,3,5,1,0,1,2,17,17.2
53,53,1997-02-21,21-216,MIL,@,SAS,L (-5),1,41:00,7,16,.438,3,6,.500,0,0,,2,1,3,3,0,0,3,0,17,9.4
54,54,1997-02-23,21-218,MIL,,LAC,L (-13),1,40:00,3,9,.333,1,5,.200,0,0,,1,2,3,4,2,1,4,4,7,3.1
55,55,1997-02-26,21-221,MIL,,ATL,L (-7),1,23:00,0,7,.000,0,5,.000,0,0,,0,5,5,3,1,1,4,1,0,-4.0
56,56,1997-02-28,21-223,MIL,@,IND,L (-19),1,27:00,5,10,.500,2,5,.400,4,5,.800,3,3,6,1,2,0,1,2,16,14.5
57,57,1997-03-01,21-224,MIL,,SAC,L (-11),1,30:00,5,11,.455,1,6,.167,1,2,.500,0,0,0,2,2,0,1,1,12,7.9
58,58,1997-03-03,21-226,MIL,@,CHI,L (-18),1,21:00,3,6,.500,0,2,.000,0,0,,0,3,3,2,1,0,0,4,6,4.7
59,59,1997-03-04,21-227,MIL,@,NYK,L (-7),1,40:00,6,13,.462,3,5,.600,2,2,1.000,2,1,3,1,1,0,3,3,17,9.5
60,60,1997-03-07,21-230,MIL,@,ATL,L (-10),1,33:00,7,17,.412,2,5,.400,3,4,.750,4,2,6,3,1,0,1,5,19,13.0
61,61,1997-03-08,21-231,MIL,@,CLE,W (+8),1,26:00,2,8,.250,1,2,.500,0,0,,0,2,2,3,0,1,2,3,5,0.4
62,62,1997-03-11,21-234,MIL,,MIA,L (-15),1,40:00,8,20,.400,3,8,.375,7,7,1.000,2,3,5,5,0,0,4,2,26,16.2
63,63,1997-03-14,21-237,MIL,,WSB,L (-9),1,29:00,5,15,.333,3,7,.429,3,4,.750,1,3,4,1,1,1,1,2,16,9.3
64,64,1997-03-16,21-239,MIL,,IND,W (+4),1,10:00,2,3,.667,0,0,,5,5,1.000,0,0,0,0,0,0,1,5,9,4.7
65,65,1997-03-17,21-240,MIL,@,BOS,L (-9),1,34:00,7,14,.500,2,5,.400,5,6,.833,0,3,3,1,0,0,2,4,21,11.6
66,66,1997-03-20,21-243,MIL,,POR,L (-19),1,31:00,2,13,.154,1,5,.200,2,2,1.000,0,4,4,2,1,0,2,1,7,-0.1
67,67,1997-03-22,21-245,MIL,,NYK,W (+1),1,26:00,2,8,.250,1,4,.250,2,2,1.000,0,2,2,0,1,0,1,2,7,2.0
68,68,1997-03-25,21-248,MIL,@,PHO,L (-5),1,43:00,14,24,.583,3,9,.333,1,1,1.000,1,4,5,1,2,0,2,3,32,22.2
69,69,1997-03-26,21-249,MIL,@,LAL,L (-22),1,31:00,3,13,.231,0,2,.000,0,0,,1,2,3,1,1,0,2,1,6,-1.3
70,70,1997-03-28,21-251,MIL,@,UTA,L (-5),1,20:00,5,9,.556,1,3,.333,1,1,1.000,0,1,1,1,0,0,3,5,12,3.7
71,71,1997-03-30,21-253,MIL,@,DEN,L (-2),1,28:00,2,11,.182,0,2,.000,1,1,1.000,0,5,5,3,0,0,0,2,5,0.9
72,72,1997-04-01,21-255,MIL,@,VAN,W (+11),1,29:00,5,7,.714,0,0,,3,4,.750,0,3,3,1,0,0,2,2,13,8.5
73,73,1997-04-03,21-257,MIL,@,SEA,L (-23),1,30:00,2,8,.250,0,2,.000,2,2,1.000,3,4,7,2,0,0,1,3,6,3.7
74,74,1997-04-04,21-258,MIL,@,POR,L (-15),1,25:00,5,11,.455,0,1,.000,0,0,,1,5,6,1,0,0,2,2,10,4.4
75,75,1997-04-08,21-262,MIL,,ORL,L (-15),1,29:00,5,9,.556,0,2,.000,2,2,1.000,2,1,3,3,0,0,1,3,12,9.3
76,76,1997-04-10,21-264,MIL,@,NJN,L (-5),1,39:00,7,17,.412,3,7,.429,0,0,,1,5,6,4,0,0,0,2,17,12.1
77,77,1997-04-11,21-265,MIL,,PHI,W (+8),1,35:00,11,18,.611,3,4,.750,2,4,.500,1,6,7,0,1,0,1,5,27,18.5
78,78,1997-04-13,21-267,MIL,,NJN,W (+9),1,31:00,4,8,.500,1,4,.250,9,9,1.000,1,2,3,4,2,0,0,1,18,19.7
79,79,1997-04-15,21-269,MIL,,TOR,W (+7),1,32:00,4,7,.571,2,3,.667,4,4,1.000,1,7,8,4,0,0,2,1,14,13.9
80,80,1997-04-16,21-270,MIL,@,DET,L (-7),1,39:00,6,12,.500,4,4,1.000,5,6,.833,1,2,3,2,1,0,2,4,21,14.7
81,81,1997-04-18,21-272,MIL,@,MIN,L (-10),1,40:00,10,16,.625,2,3,.667,7,8,.875,3,5,8,4,0,0,2,4,29,24.2
82,82,1997-04-20,21-274,MIL,,CHH,W (+20),1,36:00,7,13,.538,3,6,.500,4,5,.800,1,2,3,6,2,0,6,3,21,14.6
1,1,1997-10-31,22-103,MIL,@,PHI,W (+15),1,41:00,10,20,.500,6,9,.667,3,3,1.000,0,4,4,5,2,1,2,2,29,23.6
2,2,1997-11-01,22-104,MIL,,NJN,L (-4),1,42:00,9,19,.474,3,3,1.000,5,6,.833,0,4,4,4,2,0,2,6,26,17.5
3,3,1997-11-04,22-107,MIL,,ORL,W (+34),1,25:00,9,18,.500,0,4,.000,2,4,.500,2,0,2,0,1,0,0,2,20,11.8
4,4,1997-11-06,22-109,MIL,,PHI,W (+7),1,29:00,5,12,.417,1,3,.333,5,5,1.000,0,4,4,5,1,0,3,5,16,10.3
5,5,1997-11-08,22-111,MIL,,BOS,W (+9),1,45:00,6,12,.500,1,3,.333,7,8,.875,1,2,3,6,4,0,6,2,20,16.3
6,6,1997-11-12,22-115,MIL,@,PHO,L (-8),1,39:00,5,15,.333,1,4,.250,3,3,1.000,0,5,5,7,4,0,2,3,14,12.7
7,7,1997-11-13,22-116,MIL,@,LAC,W (+8),1,42:00,7,13,.538,0,1,.000,9,9,1.000,2,1,3,2,1,1,3,2,23,17.7
8,8,1997-11-15,22-118,MIL,@,VAN,L (-15),1,40:00,7,12,.583,2,4,.500,4,4,1.000,1,4,5,3,1,0,4,4,20,13.8
9,9,1997-11-16,22-119,MIL,@,SEA,L (-20),1,39:00,7,12,.583,2,5,.400,5,5,1.000,1,1,2,3,0,0,6,4,21,10.9
10,10,1997-11-18,22-121,MIL,,DET,W (+8),1,42:00,7,20,.350,2,5,.400,5,6,.833,3,4,7,1,0,0,2,1,21,11.0
11,11,1997-11-20,22-123,MIL,,IND,L (-26),1,30:00,3,10,.300,1,3,.333,2,4,.500,1,3,4,10,3,0,4,4,9,8.4
12,12,1997-11-22,22-125,MIL,@,DAL,W (+21),1,31:00,8,13,.615,0,2,.000,1,1,1.000,0,3,3,3,2,0,2,0,17,14.1
13,13,1997-11-26,22-129,MIL,,VAN,W (+19),1,36:00,5,12,.417,1,2,.500,3,3,1.000,1,4,5,4,1,0,2,3,14,10.1
14,14,1997-11-28,22-131,MIL,@,ORL,L (-4),1,39:00,5,17,.294,2,6,.333,4,4,1.000,2,3,5,1,1,0,2,1,16,7.7
15,15,1997-11-29,22-132,MIL,@,MIA,W (+6),1,43:00,8,18,.444,3,6,.500,5,5,1.000,0,3,3,2,0,0,6,3,24,9.7
16,16,1997-12-02,22-135,MIL,,PHO,L (-4),1,40:00,3,11,.273,0,1,.000,2,2,1.000,2,5,7,5,0,0,4,3,8,2.7
17,17,1997-12-04,22-137,MIL,,CHH,W (+10),1,42:00,8,13,.615,2,4,.500,4,4,1.000,1,4,5,5,0,0,4,2,22,16.7
18,18,1997-12-05,22-138,MIL,@,CHI,L (-22),1,34:00,2,9,.222,1,3,.333,3,4,.750,2,6,8,1,0,1,3,2,8,2.9
19,19,1997-12-07,22-140,MIL,,SEA,W (+6),1,39:00,9,17,.529,0,4,.000,2,3,.667,1,3,4,3,0,0,4,3,20,9.8
20,20,1997-12-10,22-143,MIL,@,BOS,L (-5),1,46:00,8,20,.400,1,5,.200,6,6,1.000,1,3,4,5,5,0,4,3,23,17.1
21,21,1997-12-11,22-144,MIL,,CLE,L (-2),1,30:00,8,12,.667,2,3,.667,1,1,1.000,1,0,1,3,2,0,6,4,19,11.0
22,22,1997-12-13,22-146,MIL,,MIA,L (-3),1,40:00,4,14,.286,1,5,.200,2,2,1.000,0,3,3,9,0,0,3,5,11,5.0
23,23,1997-12-17,22-150,MIL,@,CHH,L (-9),1,46:00,6,16,.375,2,6,.333,10,11,.909,2,2,4,7,1,0,5,5,24,15.7
24,24,1997-12-19,22-152,MIL,@,TOR,L (-1),1,27:00,1,10,.100,1,2,.500,0,0,,0,0,0,1,0,0,2,5,3,-6.9
25,25,1997-12-20,22-153,MIL,,NYK,W (+20),1,42:00,11,18,.611,5,6,.833,8,8,1.000,1,4,5,4,1,0,2,4,35,28.9
26,26,1997-12-22,22-155,MIL,,WAS,L (-31),1,39:00,3,11,.273,0,2,.000,2,2,1.000,0,2,2,4,4,0,6,3,8,1.7
27,27,1997-12-26,22-159,MIL,,ATL,W (+5),1,41:00,5,10,.500,1,2,.500,4,4,1.000,0,5,5,2,1,0,2,4,15,10.3
28,28,1997-12-27,22-160,MIL,@,NJN,L (-8),1,54:00,11,23,.478,3,7,.429,2,4,.500,1,4,5,3,1,0,3,3,27,15.3
29,29,1997-12-30,22-163,MIL,,DAL,W (+7),1,47:00,8,16,.500,0,4,.000,3,3,1.000,3,3,6,7,1,0,1,4,19,17.3
30,30,1998-01-02,22-166,MIL,@,CHI,L (-14),1,42:00,4,12,.333,1,5,.200,2,2,1.000,0,4,4,2,2,0,3,4,11,4.2
31,31,1998-01-03,22-167,MIL,,BOS,L (-7),1,41:00,5,9,.556,0,2,.000,7,8,.875,0,2,2,3,0,0,1,4,17,12.4
32,32,1998-01-05,22-169,MIL,@,POR,W (+6),1,40:00,5,15,.333,2,7,.286,5,6,.833,1,2,3,3,3,0,0,4,17,12.9
33,33,1998-01-07,22-171,MIL,@,LAL,L (-12),1,17:00,2,7,.286,0,0,,3,4,.750,1,0,1,1,1,0,2,3,7,1.7
34,34,1998-01-08,22-172,MIL,@,UTA,L (-7),1,33:00,7,15,.467,2,2,1.000,5,6,.833,1,2,3,2,2,0,2,3,21,14.4
35,35,1998-01-10,22-174,MIL,,POR,W (+5),1,45:00,9,20,.450,3,6,.500,2,3,.667,1,1,2,5,1,0,2,2,23,14.9
36,36,1998-01-12,22-176,MIL,,LAC,W (+15),1,35:00,9,20,.450,1,6,.167,2,2,1.000,0,3,3,5,2,0,1,3,21,14.8
37,37,1998-01-14,22-178,MIL,,GSW,W (+6),1,39:00,7,14,.500,0,2,.000,4,4,1.000,0,2,2,2,1,0,1,4,18,11.4
38,38,1998-01-16,22-180,MIL,,CHI,L (-10),1,43:00,7,18,.389,7,8,.875,6,6,1.000,1,3,4,1,3,0,3,3,27,18.3
39,39,1998-01-18,22-182,MIL,,SAS,L (-6),1,45:00,7,22,.318,2,3,.667,0,0,,1,5,6,3,1,1,3,2,16,5.6
40,40,1998-01-20,22-184,MIL,@,ATL,L (-10),1,29:00,6,14,.429,1,5,.200,0,0,,1,1,2,2,1,0,1,5,13,6.0
41,41,1998-01-21,22-185,MIL,@,ORL,W (+7),1,36:00,7,13,.538,0,1,.000,2,3,.667,3,2,5,2,3,0,3,1,16,13.0
42,42,1998-01-24,22-188,MIL,,SAC,W (+4),1,43:00,5,13,.385,3,4,.750,3,4,.750,0,4,4,5,1,0,1,2,16,12.4
43,43,1998-01-27,22-191,MIL,,DET,W (+2),1,37:00,2,11,.182,1,2,.500,1,2,.500,0,5,5,3,1,0,1,3,6,1.1
44,44,1998-01-29,22-193,MIL,@,NYK,W (+3),1,45:00,8,19,.421,3,7,.429,7,9,.778,5,2,7,7,2,0,1,3,26,23.9
45,45,1998-02-01,22-196,MIL,@,MIN,W (+8),1,35:00,6,14,.429,2,6,.333,3,3,1.000,3,1,4,3,1,0,1,5,17,12.1
46,46,1998-02-03,22-198,MIL,,NYK,W (+4),1,29:00,6,10,.600,2,3,.667,3,4,.750,0,1,1,3,4,0,6,5,17,10.4
47,47,1998-02-05,22-200,MIL,,MIA,L (-4),1,42:00,9,19,.474,2,6,.333,5,5,1.000,4,3,7,3,0,0,4,1,25,16.7
48,48,1998-02-10,22-205,MIL,,ATL,L (-8),1,43:00,10,22,.455,4,10,.400,4,4,1.000,4,3,7,6,0,0,4,3,28,19.3
49,49,1998-02-11,22-206,MIL,@,DET,L (-12),1,48:00,8,19,.421,1,5,.200,7,9,.778,5,5,10,8,0,0,5,4,24,17.1
50,50,1998-02-14,22-209,MIL,@,CLE,W (+6),1,43:00,8,17,.471,2,4,.500,7,8,.875,2,4,6,8,2,0,2,1,25,23.7
51,51,1998-02-16,22-211,MIL,@,NJN,L (-11),1,46:00,8,17,.471,4,7,.571,4,5,.800,1,9,10,6,2,0,8,4,24,14.9
52,52,1998-02-18,22-213,MIL,@,WAS,W (+10),1,39:00,10,19,.526,1,6,.167,4,5,.800,4,6,10,7,2,0,1,4,25,24.2
53,53,1998-02-20,22-215,MIL,,TOR,W (+5),1,47:00,5,14,.357,3,7,.429,4,4,1.000,0,4,4,7,1,1,7,4,17,8.4
54,54,1998-02-22,22-217,MIL,,CLE,W (+8),1,35:00,9,18,.500,0,3,.000,2,2,1.000,0,1,1,2,0,0,1,4,20,10.1
55,55,1998-02-24,22-219,MIL,,LAL,L (-17),1,46:00,7,21,.333,4,6,.667,1,2,.500,4,3,7,13,1,1,0,1,19,20.8
56,56,1998-02-26,22-221,MIL,@,NYK,L (-12),1,48:00,10,19,.526,2,7,.286,4,4,1.000,2,8,10,5,1,0,7,1,26,17.6
57,57,1998-03-04,22-227,MIL,@,PHI,L (-7),1,45:00,7,18,.389,0,6,.000,3,3,1.000,1,5,6,5,2,1,6,4,17,8.0
58,58,1998-03-05,22-228,MIL,,DEN,W (+17),1,40:00,8,16,.500,2,6,.333,8,8,1.000,0,2,2,2,0,0,4,3,26,14.8
59,59,1998-03-07,22-230,MIL,,UTA,L (-18),1,43:00,7,17,.412,0,5,.000,13,14,.929,3,5,8,11,1,0,7,2,27,22.0
60,60,1998-03-10,22-233,MIL,,WAS,L (-16),1,36:00,5,15,.333,0,4,.000,5,6,.833,2,4,6,3,1,0,7,3,15,3.6
61,61,1998-03-11,22-234,MIL,@,CLE,L (-12),1,39:00,4,15,.267,1,4,.250,5,5,1.000,2,2,4,4,1,1,7,2,14,3.8
62,62,1998-03-13,22-236,MIL,@,IND,L (-20),1,42:00,9,17,.529,1,1,1.000,1,3,.333,2,3,5,3,1,0,3,2,20,12.5
63,63,1998-03-14,22-237,MIL,,PHI,L (-4),1,48:00,10,19,.526,1,4,.250,2,2,1.000,2,4,6,7,1,0,4,3,23,17.0
64,64,1998-03-16,22-239,MIL,@,SAS,L (-11),1,35:00,3,18,.167,0,2,.000,3,4,.750,4,4,8,3,3,0,1,1,9,4.9
65,65,1998-03-17,22-240,MIL,@,HOU,L (-5),1,45:00,7,17,.412,1,3,.333,5,6,.833,2,5,7,6,0,0,7,1,20,10.2
66,66,1998-03-19,22-242,MIL,@,ATL,L (-3),1,46:00,6,21,.286,2,7,.286,7,8,.875,3,7,10,6,1,0,1,2,21,15.9
67,67,1998-03-22,22-245,MIL,,IND,L (-2),1,47:00,9,26,.346,1,5,.200,6,6,1.000,0,4,4,2,2,0,6,1,25,8.6
68,68,1998-03-24,22-247,MIL,,HOU,W (+10),1,47:00,13,23,.565,2,4,.500,5,5,1.000,4,4,8,5,3,0,2,4,33,29.0
69,69,1998-03-26,22-249,MIL,@,CHH,L (-14),1,38:00,7,19,.368,2,6,.333,2,2,1.000,0,7,7,1,0,0,4,5,18,4.3
70,70,1998-03-27,22-250,MIL,@,MIA,L (-25),1,32:00,3,14,.214,0,3,.000,1,2,.500,1,3,4,6,1,0,2,4,7,1.2
71,71,1998-03-29,22-252,MIL,,CHI,L (-17),1,41:00,10,18,.556,3,6,.500,4,4,1.000,2,5,7,4,1,0,6,1,27,18.7
72,72,1998-03-31,22-254,MIL,@,GSW,W (+5),1,43:00,8,20,.400,1,2,.500,8,8,1.000,1,6,7,4,3,0,2,6,25,18.1
73,73,1998-04-01,22-255,MIL,@,DEN,W (+6),1,43:00,7,16,.438,3,8,.375,4,4,1.000,0,3,3,7,1,2,3,4,21,16.2
74,74,1998-04-03,22-257,MIL,@,SAC,W (+1),1,39:00,4,17,.235,0,4,.000,2,2,1.000,4,1,5,0,0,0,2,4,10,-0.8
75,75,1998-04-05,22-259,MIL,@,IND,L (-1),1,46:00,7,15,.467,1,3,.333,7,7,1.000,2,1,3,6,1,0,4,3,22,16.0
76,76,1998-04-07,22-261,MIL,,TOR,W (+9),1,38:00,9,12,.750,4,5,.800,6,6,1.000,3,3,6,5,2,1,3,4,28,27.8
77,77,1998-04-08,22-262,MIL,@,TOR,W (+7),1,40:00,9,18,.500,2,5,.400,5,6,.833,2,4,6,4,1,1,4,0,25,18.7
78,78,1998-04-11,22-265,MIL,,NJN,L (-7),1,45:00,6,17,.353,3,7,.429,5,6,.833,1,5,6,7,1,0,1,3,20,16.0
79,79,1998-04-14,22-268,MIL,,CHH,L (-22),1,36:00,2,16,.125,0,6,.000,7,9,.778,3,4,7,3,2,0,1,4,11,4.6
80,80,1998-04-15,22-269,MIL,@,BOS,W (+8),1,41:00,5,12,.417,0,3,.000,9,13,.692,3,3,6,8,1,0,0,1,19,20.2
81,81,1998-04-17,22-271,MIL,@,DET,L (-6),1,45:00,9,18,.500,1,5,.200,6,8,.750,2,4,6,8,1,0,5,2,25,18.6
82,82,1998-04-18,22-272,MIL,,MIN,L (-2),1,45:00,15,27,.556,6,10,.600,4,6,.667,5,5,10,4,3,0,5,0,40,32.1
1,1,1999-02-06,23-201,MIL,@,CHH,W (+6),1,41:00,8,13,.615,3,5,.600,6,8,.750,1,2,3,5,1,0,2,1,25,21.7
2,2,1999-02-09,23-204,MIL,@,TOR,W (+14),1,31:00,5,10,.500,1,2,.500,6,6,1.000,0,2,2,3,3,0,1,2,17,15.9
3,3,1999-02-11,23-206,MIL,,NJN,W (+20),1,30:00,6,9,.667,1,2,.500,6,6,1.000,1,0,1,3,4,1,3,2,19,18.8
4,4,1999-02-14,23-209,MIL,@,ORL,L (-3),1,32:00,4,13,.308,0,3,.000,0,0,,2,4,6,4,0,0,5,0,8,0.9
5,5,1999-02-16,23-211,MIL,@,PHI,W (+1),1,30:00,2,8,.250,1,4,.250,2,2,1.000,1,1,2,2,3,0,2,4,7,4.0
6,6,1999-02-17,23-212,MIL,,CHI,W (+8),1,34:00,5,8,.625,2,3,.667,3,4,.750,0,4,4,3,1,0,5,5,15,8.3
7,7,1999-02-19,23-214,MIL,@,TOR,L (-8),1,27:00,4,12,.333,2,4,.500,0,0,,0,1,1,2,0,1,2,2,10,2.8
8,8,1999-02-20,23-215,MIL,,IND,L (-2),1,28:00,3,10,.300,1,5,.200,0,0,,2,3,5,4,0,0,0,0,7,6.3
9,9,1999-02-23,23-218,MIL,@,CHI,W (+2),1,31:00,6,11,.545,1,3,.333,3,3,1.000,2,1,3,4,0,0,0,4,16,13.6
10,10,1999-02-26,23-221,MIL,@,DEN,L (-1),1,35:00,7,16,.438,2,3,.667,2,2,1.000,1,2,3,3,1,0,1,0,18,13.0
11,11,1999-02-28,23-223,MIL,,PHI,L (-11),1,24:00,7,12,.583,1,3,.333,1,1,1.000,1,0,1,2,1,0,4,3,16,8.3
12,12,1999-03-02,23-225,MIL,@,NJN,W (+8),1,38:00,5,13,.385,1,2,.500,8,8,1.000,2,8,10,0,1,1,5,2,19,11.6
13,13,1999-03-03,23-226,MIL,,GSW,W (+28),1,28:00,6,13,.462,2,3,.667,4,4,1.000,2,2,4,5,0,0,0,0,18,16.8
14,14,1999-03-05,23-228,MIL,,NYK,W (+1),1,32:00,2,12,.167,1,4,.250,4,7,.571,1,2,3,3,0,0,1,1,9,2.2
15,15,1999-03-08,23-231,MIL,,CHI,W (+5),1,36:00,6,13,.462,1,6,.167,4,4,1.000,3,3,6,4,2,1,1,2,17,17.0
16,16,1999-03-09,23-232,MIL,@,NYK,W (+1),1,34:00,2,11,.182,2,6,.333,0,0,,1,4,5,3,2,0,2,2,6,2.3
17,17,1999-03-10,23-233,MIL,,SEA,W (+4),1,35:00,6,14,.429,3,6,.500,4,4,1.000,0,4,4,1,2,0,2,2,19,12.7
18,18,1999-03-12,23-235,MIL,@,IND,L (-5),1,39:00,7,14,.500,2,6,.333,2,2,1.000,1,3,4,6,1,0,3,1,18,14.4
19,19,1999-03-14,23-237,MIL,@,WAS,L (-12),1,39:00,9,19,.474,1,5,.200,3,3,1.000,0,5,5,5,1,0,4,1,22,13.9
20,20,1999-03-15,23-238,MIL,,NYK,L (-6),1,37:00,11,22,.500,3,6,.500,4,5,.800,2,2,4,4,2,0,5,2,29,18.6
21,21,1999-03-16,23-239,MIL,,PHO,L (-18),1,25:00,3,8,.375,1,1,1.000,3,3,1.000,1,1,2,3,0,0,6,3,10,1.5
22,22,1999-03-18,23-241,MIL,,BOS,W (+16),1,35:00,9,12,.750,3,3,1.000,0,0,,1,3,4,7,0,0,1,2,21,20.9
23,23,1999-03-20,23-243,MIL,@,ATL,W (+6),1,25:00,1,9,.111,0,2,.000,6,6,1.000,0,2,2,3,2,0,4,5,8,0.8
24,24,1999-03-21,23-244,MIL,,CHH,L (-7),1,38:00,6,15,.400,1,7,.143,3,4,.750,0,4,4,7,0,0,1,1,16,12.2
25,25,1999-03-22,23-245,MIL,,DET,W (+29),1,26:00,6,9,.667,2,3,.667,5,5,1.000,0,3,3,2,1,0,1,3,19,16.2
26,26,1999-03-24,23-247,MIL,,MIA,L (-8),1,34:00,4,11,.364,0,2,.000,4,4,1.000,1,5,6,2,0,0,2,5,12,5.5
27,27,1999-03-26,23-249,MIL,@,DET,L (-5),1,38:00,7,19,.368,4,9,.444,11,11,1.000,2,4,6,5,3,0,3,3,29,23.4
28,28,1999-03-28,23-251,MIL,@,MIN,W (+9),1,30:00,6,13,.462,2,4,.500,0,0,,1,1,2,1,1,0,2,1,14,7.6
29,29,1999-03-30,23-253,MIL,,WAS,W (+2),1,34:00,8,12,.667,3,3,1.000,6,6,1.000,1,7,8,3,1,0,4,2,25,20.9
30,30,1999-03-31,23-254,MIL,@,CHH,W (+8),1,31:00,9,14,.643,2,2,1.000,0,1,.000,2,3,5,3,1,0,1,2,20,17.0
31,31,1999-04-02,23-256,MIL,@,BOS,W (+1),1,35:00,6,12,.500,1,3,.333,6,8,.750,0,5,5,3,0,1,2,1,19,14.1
32,32,1999-04-04,23-258,MIL,@,CLE,L (-24),1,29:00,0,8,.000,0,4,.000,2,2,1.000,1,4,5,3,1,0,0,2,2,0.6
33,33,1999-04-06,23-260,MIL,@,PHI,L (-8),1,33:00,5,19,.263,0,6,.000,2,2,1.000,2,3,5,7,0,0,0,4,12,6.3
34,34,1999-04-07,23-261,MIL,,CLE,W (+8),1,38:00,7,15,.467,3,5,.600,0,0,,4,1,5,3,1,0,1,5,17,12.5
35,35,1999-04-09,23-263,MIL,@,ORL,L (-12),1,32:00,9,16,.563,2,4,.500,1,2,.500,3,1,4,2,2,0,5,1,21,13.4
36,36,1999-04-11,23-265,MIL,@,MIA,L (-3),1,39:00,11,19,.579,0,2,.000,3,3,1.000,2,2,4,6,2,0,1,3,25,22.1
37,37,1999-04-13,23-267,MIL,,ATL,W (+7),1,36:00,8,14,.571,1,3,.333,1,1,1.000,1,5,6,1,1,0,2,3,18,12.1
38,38,1999-04-14,23-268,MIL,,MIA,W (+12),1,35:00,9,15,.600,2,4,.500,11,12,.917,0,2,2,1,0,0,2,2,31,22.2
39,39,1999-04-16,23-270,MIL,,CHH,L (-1),1,43:00,9,18,.500,1,3,.333,2,4,.500,1,5,6,5,1,0,6,3,21,10.7
40,40,1999-04-18,23-272,MIL,@,CHI,L (-2),1,38:00,7,16,.438,0,6,.000,5,5,1.000,1,3,4,6,1,0,4,3,19,12.2
41,41,1999-04-20,23-274,MIL,,ORL,W (+12),1,40:00,8,15,.533,2,5,.400,0,0,,3,6,9,5,1,1,5,3,18,13.6
42,42,1999-04-21,23-275,MIL,@,IND,L (-8),1,44:00,4,19,.211,0,4,.000,6,8,.750,3,5,8,5,0,0,4,3,14,3.4
43,43,1999-04-23,23-277,MIL,,CLE,W (+4),1,36:00,5,13,.385,1,6,.167,5,5,1.000,2,4,6,3,0,0,5,0,16,8.6
44,44,1999-04-25,23-279,MIL,@,ATL,L (-15),1,35:00,7,14,.500,1,2,.500,6,6,1.000,1,1,2,3,0,0,2,4,21,13.5
45,45,1999-04-26,23-280,MIL,,WAS,W (+8),1,34:00,5,14,.357,3,6,.500,6,6,1.000,0,6,6,2,2,0,0,5,19,14.4
46,46,1999-04-28,23-282,MIL,,TOR,W (+13),1,37:00,7,11,.636,3,5,.600,1,2,.500,0,2,2,7,2,0,2,3,18,17.0
47,47,1999-04-30,23-284,MIL,,DET,L (-5),1,41:00,2,8,.250,0,4,.000,5,6,.833,1,3,4,2,2,1,2,1,9,7.1
48,48,1999-05-01,23-285,MIL,@,BOS,W (+9),1,43:00,9,17,.529,3,7,.429,5,5,1.000,0,3,3,5,1,0,4,5,26,17.1
49,49,1999-05-04,23-288,MIL,,TOR,W (+13),1,36:00,6,11,.545,1,4,.250,6,6,1.000,0,3,3,3,0,0,1,3,19,14.5
50,50,1999-05-05,23-289,MIL,@,NJN,L (-8),1,38:00,9,24,.375,1,8,.125,3,3,1.000,0,5,5,4,2,0,1,0,22,14.1
1,1,1999-11-02,24-105,MIL,@,HOU,W (+5),1,30:00,8,14,.571,0,1,.000,3,4,.750,0,4,4,2,1,0,1,3,19,13.4
2,2,1999-11-04,24-107,MIL,@,ATL,W (+10),1,35:00,10,23,.435,3,7,.429,8,8,1.000,2,3,5,2,1,0,0,1,31,23.2
3,3,1999-11-06,24-109,MIL,,DET,W (+10),1,32:00,8,19,.421,3,6,.500,7,7,1.000,1,6,7,5,0,1,1,5,26,19.6
4,4,1999-11-08,24-111,MIL,@,NYK,L (-10),1,43:00,6,19,.316,2,5,.400,4,5,.800,1,3,4,1,1,0,2,2,18,7.2
5,5,1999-11-10,24-113,MIL,@,CHH,L (-6),1,37:00,8,18,.444,3,6,.500,5,5,1.000,1,3,4,2,1,0,1,2,24,16.8
6,6,1999-11-12,24-115,MIL,,PHO,W (+15),1,32:00,6,15,.400,2,3,.667,6,6,1.000,0,1,1,5,1,0,1,3,20,14.5
7,7,1999-11-13,24-116,MIL,@,CLE,L (-5),1,25:00,7,14,.500,1,4,.250,7,7,1.000,1,1,2,5,2,0,4,5,22,15.5
8,8,1999-11-16,24-119,MIL,,LAC,W (+8),1,35:00,7,16,.438,1,4,.250,4,5,.800,1,2,3,6,0,0,2,3,19,12.5
9,9,1999-11-18,24-121,MIL,,SAS,W (+11),1,40:00,9,19,.474,3,5,.600,5,8,.625,4,4,8,3,1,0,3,3,26,18.0
10,10,1999-11-20,24-123,MIL,,UTA,L (-11),1,42:00,6,17,.353,1,3,.333,10,10,1.000,1,3,4,7,3,0,3,3,23,18.8
11,11,1999-11-21,24-124,MIL,@,DET,L (-19),1,37:00,13,15,.867,4,5,.800,3,3,1.000,0,4,4,10,4,1,2,3,33,37.4
12,12,1999-11-24,24-127,MIL,,CHI,W (+7),1,39:00,6,13,.462,0,3,.000,6,8,.750,1,4,5,3,2,0,1,5,18,13.5
13,13,1999-11-26,24-129,MIL,@,BOS,W (+2),1,38:00,7,13,.538,2,3,.667,2,4,.500,2,1,3,1,1,1,3,3,18,10.8
14,14,1999-11-27,24-130,MIL,,PHI,L (-3),1,41:00,9,25,.360,2,9,.222,3,3,1.000,2,5,7,5,0,1,1,2,23,14.4
15,15,1999-12-02,24-135,MIL,,NYK,L (-4),1,40:00,8,18,.444,3,4,.750,6,7,.857,0,3,3,2,0,0,1,1,25,16.1
16,16,1999-12-04,24-137,MIL,@,CHI,W (+1),1,40:00,7,16,.438,0,2,.000,5,6,.833,0,3,3,4,1,0,6,2,19,8.1
17,17,1999-12-05,24-138,MIL,,DAL,W (+6),1,31:00,6,15,.400,2,5,.400,6,6,1.000,1,3,4,2,0,0,3,1,20,11.5
18,18,1999-12-07,24-140,MIL,,DET,L (-4),1,42:00,9,19,.474,0,0,,3,3,1.000,4,3,7,5,1,0,3,3,21,15.3
19,19,1999-12-08,24-141,MIL,@,NJN,L (-17),1,40:00,4,13,.308,2,4,.500,4,4,1.000,0,3,3,3,2,0,5,4,14,4.9
20,20,1999-12-10,24-143,MIL,@,TOR,W (+16),1,37:00,6,14,.429,0,1,.000,2,2,1.000,0,5,5,3,0,0,1,4,14,7.6
21,21,1999-12-11,24-144,MIL,,DEN,L (-2),1,40:00,9,23,.391,3,8,.375,4,4,1.000,0,2,2,4,0,0,0,1,25,15.5
22,22,1999-12-15,24-148,MIL,@,ORL,W (+17),1,36:00,8,15,.533,3,5,.600,10,10,1.000,0,1,1,7,1,1,3,2,29,24.8
23,23,1999-12-16,24-149,MIL,@,MIA,W (+1),1,41:00,11,24,.458,3,7,.429,3,3,1.000,2,5,7,5,2,0,1,1,28,22.6
24,24,1999-12-18,24-151,MIL,,IND,W (+14),1,36:00,5,17,.294,2,5,.400,4,5,.800,1,3,4,4,0,0,0,1,16,9.7
25,25,1999-12-20,24-153,MIL,@,PHO,L (-7),1,41:00,11,23,.478,5,7,.714,4,4,1.000,1,6,7,3,1,2,1,2,31,24.5
26,26,1999-12-21,24-154,MIL,@,SAC,L (-13),1,32:00,4,16,.250,3,9,.333,1,1,1.000,1,2,3,2,3,0,4,3,12,2.9
27,27,1999-12-23,24-156,MIL,@,SAS,W (+3),1,39:00,5,14,.357,2,3,.667,2,2,1.000,0,2,2,1,2,0,2,2,14,6.7
28,28,1999-12-26,24-159,MIL,,MIA,W (+8),1,40:00,8,18,.444,2,5,.400,4,4,1.000,1,6,7,5,1,0,6,2,22,12.8
29,29,1999-12-29,24-162,MIL,@,CHH,L (-4),1,40:00,11,24,.458,4,8,.500,2,2,1.000,2,0,2,5,2,0,2,1,28,20.1
30,30,1999-12-30,24-163,MIL,,CLE,W (+1),1,36:00,4,14,.286,0,4,.000,7,10,.700,0,3,3,7,2,0,3,3,15,9.2
31,31,2000-01-03,24-167,MIL,@,PHI,L (-4),1,46:00,10,27,.370,3,10,.300,2,2,1.000,1,3,4,4,1,0,2,2,25,12.7
32,32,2000-01-04,24-168,MIL,,ATL,W (+3),1,39:00,11,19,.579,2,4,.500,1,1,1.000,1,4,5,5,2,0,0,0,25,23.5
33,33,2000-01-06,24-170,MIL,@,DET,L (-6),1,42:00,6,17,.353,1,3,.333,2,3,.667,3,2,5,4,4,0,7,3,15,6.4
34,34,2000-01-08,24-172,MIL,,WAS,W (+1),1,42:00,8,17,.471,1,3,.333,11,13,.846,0,3,3,3,0,0,4,6,28,15.1
35,35,2000-01-10,24-174,MIL,,CHH,W (+50),1,30:00,10,16,.625,3,8,.375,3,3,1.000,3,1,4,8,1,0,2,1,26,25.4
36,36,2000-01-12,24-176,MIL,,LAL,L (-9),1,38:00,7,15,.467,1,3,.333,10,10,1.000,1,3,4,2,1,0,3,0,25,18.3
37,37,2000-01-14,24-178,MIL,@,TOR,L (-5),1,37:00,8,16,.500,3,5,.600,6,7,.857,2,4,6,2,1,0,2,2,25,18.8
38,38,2000-01-15,24-179,MIL,,TOR,W (+21),1,36:00,11,15,.733,3,3,1.000,8,10,.800,0,2,2,3,0,0,2,3,33,25.6
39,39,2000-01-17,24-181,MIL,@,ATL,W (+6),1,37:00,10,19,.526,2,3,.667,1,1,1.000,1,3,4,1,1,0,3,2,23,13.2
40,40,2000-01-19,24-183,MIL,@,IND,L (-22),1,29:00,7,13,.538,2,4,.500,0,0,,0,0,0,2,0,0,1,5,16,8.1
41,41,2000-01-20,24-184,MIL,,SEA,L (-8),1,38:00,4,15,.267,1,5,.200,2,3,.667,0,5,5,13,0,0,2,4,11,8.7
42,42,2000-01-26,24-190,MIL,,SAC,W (+8),1,34:00,7,18,.389,2,7,.286,6,6,1.000,1,8,9,5,3,0,4,4,22,16.2
43,43,2000-01-28,24-192,MIL,@,LAL,L (-28),1,33:00,4,14,.286,0,4,.000,6,6,1.000,1,1,2,4,1,0,1,1,14,9.2
44,44,2000-01-29,24-193,MIL,@,SEA,W (+2),1,41:00,8,25,.320,2,10,.200,0,0,,0,5,5,4,1,0,2,2,18,6.2
45,45,2000-01-31,24-195,MIL,@,VAN,W (+5),1,38:00,6,13,.462,1,3,.333,2,2,1.000,0,3,3,5,3,1,3,0,15,13.4
46,46,2000-02-02,24-197,MIL,@,DEN,L (-23),1,36:00,6,16,.375,2,6,.333,8,8,1.000,1,4,5,3,1,0,1,1,22,16.8
47,47,2000-02-03,24-198,MIL,@,UTA,W (+3),1,40:00,12,18,.667,5,7,.714,7,8,.875,2,6,8,2,2,2,3,3,36,31.6
48,48,2000-02-05,24-200,MIL,,TOR,L (-3),1,41:00,5,19,.263,0,6,.000,2,4,.500,2,8,10,1,2,0,3,1,12,3.0
49,49,2000-02-07,24-202,MIL,,POR,L (-4),1,37:00,9,19,.474,4,9,.444,4,5,.800,0,6,6,4,2,0,1,4,26,19.9
50,50,2000-02-09,24-204,MIL,,NYK,L (-6),1,37:00,7,18,.389,3,8,.375,7,7,1.000,0,4,4,7,4,1,4,3,24,19.8
51,51,2000-02-15,24-210,MIL,@,DAL,W (+13),1,39:00,9,20,.450,3,8,.375,6,6,1.000,5,4,9,5,1,0,1,1,27,24.4
52,52,2000-02-17,24-212,MIL,,IND,L (-2),1,32:00,6,13,.462,0,1,.000,6,6,1.000,0,2,2,2,1,0,0,4,18,12.7
53,53,2000-02-19,24-214,MIL,,VAN,L (-11),1,46:00,10,21,.476,1,4,.250,11,13,.846,2,4,6,4,1,0,5,1,32,21.5
54,54,2000-02-22,24-217,MIL,@,WAS,L (-25),1,33:00,7,10,.700,2,4,.500,1,1,1.000,3,0,3,4,0,0,1,2,17,15.9
55,55,2000-02-23,24-218,MIL,,GSW,L (-5),1,42:00,9,19,.474,2,3,.667,4,4,1.000,0,5,5,3,0,0,2,2,24,15.1
56,56,2000-02-25,24-220,MIL,,PHI,L (-14),1,24:00,7,18,.389,1,3,.333,0,0,,2,1,3,1,0,0,2,5,15,3.6
57,57,2000-02-27,24-222,MIL,,ORL,W (+7),1,38:00,8,20,.400,2,5,.400,8,8,1.000,2,7,9,4,0,2,2,4,26,19.3
58,58,2000-03-02,24-226,MIL,@,NYK,L (-15),1,38:00,9,15,.600,3,5,.600,4,5,.800,0,2,2,4,1,0,2,1,25,19.7
59,59,2000-03-04,24-228,MIL,,MIN,L (-7),1,42:00,11,22,.500,1,6,.167,5,5,1.000,2,1,3,5,1,0,2,1,28,20.8
60,60,2000-03-06,24-230,MIL,,ATL,W (+33),1,30:00,5,13,.385,3,5,.600,0,0,,0,3,3,2,2,0,2,2,13,7.4
61,61,2000-03-08,24-232,MIL,@,BOS,L (-11),1,40:00,11,20,.550,4,7,.571,2,3,.667,0,4,4,1,5,0,3,1,28,21.5
62,62,2000-03-10,24-234,MIL,,NJN,L (-28),1,35:00,5,11,.455,2,5,.400,4,4,1.000,0,9,9,7,0,0,2,3,16,14.7
63,63,2000-03-12,24-236,MIL,,CLE,W (+31),1,33:00,7,17,.412,1,6,.167,3,3,1.000,0,6,6,6,0,0,1,1,18,13.5
64,64,2000-03-14,24-238,MIL,@,MIA,L (-4),1,43:00,7,13,.538,3,3,1.000,9,11,.818,3,2,5,3,1,1,2,2,26,22.6
65,65,2000-03-16,24-240,MIL,,HOU,W (+10),1,42:00,10,18,.556,3,6,.500,5,8,.625,1,5,6,7,3,1,1,0,28,28.0
66,66,2000-03-18,24-242,MIL,@,NJN,L (-2),1,45:00,5,20,.250,0,7,.000,0,0,,2,4,6,4,2,0,4,4,10,-0.2
67,67,2000-03-19,24-243,MIL,@,MIN,L (-27),1,36:00,2,16,.125,2,3,.667,4,4,1.000,0,3,3,0,0,0,1,0,10,-0.5
68,68,2000-03-23,24-247,MIL,@,IND,W (+21),1,40:00,11,20,.550,1,3,.333,3,3,1.000,1,6,7,2,5,0,1,3,26,23.1
69,69,2000-03-24,24-248,MIL,,MIA,L (-12),1,43:00,15,20,.750,6,9,.667,0,0,,2,2,4,2,0,0,4,1,36,27.0
70,70,2000-03-26,24-250,MIL,,BOS,W (+15),1,43:00,12,20,.600,3,7,.429,0,0,,1,4,5,2,3,0,1,4,27,21.5
71,71,2000-03-30,24-254,MIL,@,LAC,W (+19),1,37:00,14,19,.737,4,6,.667,3,3,1.000,0,4,4,3,2,0,3,0,35,29.6
72,72,2000-04-01,24-256,MIL,@,POR,L (-34),1,35:00,4,13,.308,1,3,.333,4,5,.800,1,4,5,2,1,1,2,1,13,7.7
73,73,2000-04-02,24-257,MIL,@,GSW,W (+4),1,43:00,10,19,.526,3,4,.750,4,5,.800,1,1,2,3,1,0,2,2,27,18.6
74,74,2000-04-04,24-259,MIL,,CHI,W (+19),1,31:00,6,13,.462,2,4,.500,4,5,.800,0,1,1,1,3,0,1,2,18,13.1
75,75,2000-04-06,24-261,MIL,@,CHI,L (-2),1,40:00,6,19,.316,1,4,.250,6,7,.857,2,3,5,0,1,0,3,1,19,7.6
76,76,2000-04-08,24-263,MIL,,NJN,W (+8),1,33:00,9,17,.529,1,4,.250,2,3,.667,0,5,5,4,0,1,1,3,21,15.1
77,77,2000-04-10,24-265,MIL,,ORL,W (+17),1,39:00,11,20,.550,4,4,1.000,7,7,1.000,0,3,3,6,2,1,2,1,33,28.8
78,78,2000-04-12,24-267,MIL,@,CLE,W (+1),1,45:00,11,20,.550,1,6,.167,4,6,.667,1,3,4,5,1,0,3,4,27,18.1
79,79,2000-04-14,24-269,MIL,,CHH,L (-3),1,48:00,7,19,.368,3,9,.333,9,10,.900,0,5,5,6,2,1,5,1,26,18.1
80,80,2000-04-15,24-270,MIL,@,WAS,W (+4),1,49:00,9,22,.409,5,7,.714,6,6,1.000,3,1,4,7,2,0,3,3,29,22.3
81,81,2000-04-17,24-272,MIL,@,ORL,W (+2),1,32:00,5,9,.556,1,3,.333,1,2,.500,0,3,3,1,3,0,3,3,12,7.7
